策略名,路径,可以 hyperopt,是否多交易对
ADXMomentum,davidzr/strategies/ADXMomentum/ADXMomentum.py,否,否
ADX_15M_USDT,davidzr/strategies/ADX_15M_USDT/ADX_15M_USDT.py,否,否
ADX_15M_USDT2,davidzr/strategies/ADX_15M_USDT2/ADX_15M_USDT2.py,否,否
ASDTSRockwellTrading,davidzr/strategies/ASDTSRockwellTrading/ASDTSRockwellTrading.py,否,否
ActionZone,davidzr/strategies/ActionZone/ActionZone.py,是,否
AdxSmas,davidzr/strategies/AdxSmas/AdxSmas.py,否,否
AlligatorStrat,davidzr/strategies/AlligatorStrat/AlligatorStrat.py,否,否
AlligatorStrategy,davidzr/strategies/AlligatorStrategy/AlligatorStrategy.py,是,否
AlwaysBuy,davidzr/strategies/AlwaysBuy/AlwaysBuy.py,否,否
Apollo11,davidzr/strategies/Apollo11/Apollo11.py,否,否
AutoArimaTripleV1,PeetCrypto/AutoArimaTripleV1.py,是,否
AverageStrategy,davidzr/strategies/AverageStrategy/AverageStrategy.py,否,否
AwesomeMacd,davidzr/strategies/AwesomeMacd/AwesomeMacd.py,否,否
BBMod,ssssi/binance/Archive/BBMod.py,是,否
BBMod1,davidzr/strategies/BBMod1/BBMod1.py,是,是
BBRSI,PeetCrypto/BBRSI.py,否,否
BBRSI2,davidzr/strategies/BBRSI2/BBRSI2.py,否,否
BBRSI21,davidzr/strategies/BBRSI21/BBRSI21.py,否,否
BBRSI3366,davidzr/strategies/BBRSI3366/BBRSI3366.py,否,否
BBRSI4cust,davidzr/strategies/BBRSI4cust/BBRSI4cust.py,是,否
BBRSINaiveStrategy,davidzr/strategies/BBRSINaiveStrategy/BBRSINaiveStrategy.py,否,否
BBRSIOptim2020Strategy,davidzr/strategies/BBRSIOptim2020Strategy/BBRSIOptim2020Strategy.py,否,否
BBRSIOptimStrategy,davidzr/strategies/BBRSIOptimStrategy/BBRSIOptimStrategy.py,否,否
BBRSIOptimizedStrategy,davidzr/strategies/BBRSIOptimizedStrategy/BBRSIOptimizedStrategy.py,否,否
BBRSIS,davidzr/strategies/BBRSIS/BBRSIS.py,否,否
BBRSIStrategy,davidzr/strategies/BBRSIStrategy/BBRSIStrategy.py,否,否
BBRSITV,davidzr/strategies/BBRSITV/BBRSITV.py,是,否
BBRSIoriginal,davidzr/strategies/BBRSIoriginal/BBRSIoriginal.py,否,否
BBRSIv2,davidzr/strategies/BBRSIv2/BBRSIv2.py,否,否
BB_RPB_3c,PeetCrypto/BB_RPB_3c.py,是,是
BB_RPB_TSL,davidzr/strategies/BB_RPB_TSL/BB_RPB_TSL.py,是,是
BB_RPB_TSL_2,davidzr/strategies/BB_RPB_TSL_2/BB_RPB_TSL_2.py,是,是
BB_RPB_TSL_BI,davidzr/strategies/BB_RPB_TSL_BI/BB_RPB_TSL_BI.py,是,是
BB_RPB_TSL_BIV1,davidzr/strategies/BB_RPB_TSL_BIV1/BB_RPB_TSL_BIV1.py,是,是
BB_RPB_TSL_RNG,davidzr/strategies/BB_RPB_TSL_RNG/BB_RPB_TSL_RNG.py,是,否
BB_RPB_TSL_RNG_2,davidzr/strategies/BB_RPB_TSL_RNG_2/BB_RPB_TSL_RNG_2.py,是,否
BB_RPB_TSL_RNG_TBS,davidzr/strategies/BB_RPB_TSL_RNG_TBS/BB_RPB_TSL_RNG_TBS.py,是,是
BB_RPB_TSL_RNG_TBS_GOLD,davidzr/strategies/BB_RPB_TSL_RNG_TBS_GOLD/BB_RPB_TSL_RNG_TBS_GOLD.py,是,是
BB_RPB_TSL_RNG_VWAP,davidzr/strategies/BB_RPB_TSL_RNG_VWAP/BB_RPB_TSL_RNG_VWAP.py,是,否
BB_RPB_TSL_SMA_Tranz,davidzr/strategies/BB_RPB_TSL_SMA_Tranz/BB_RPB_TSL_SMA_Tranz.py,是,是
BB_RPB_TSL_SMA_Tranz_TB_1_1_1,davidzr/strategies/BB_RPB_TSL_SMA_Tranz_TB_1_1_1/BB_RPB_TSL_SMA_Tranz_TB_1_1_1.py,是,是
BB_RPB_TSL_SMA_Tranz_TB_MOD,davidzr/strategies/BB_RPB_TSL_SMA_Tranz_TB_MOD/BB_RPB_TSL_SMA_Tranz_TB_MOD.py,是,是
BB_RPB_TSL_Tranz,davidzr/strategies/BB_RPB_TSL_Tranz/BB_RPB_TSL_Tranz.py,是,是
BB_RPB_TSL_c7c477d_20211030,davidzr/strategies/BB_RPB_TSL_c7c477d_20211030/BB_RPB_TSL_c7c477d_20211030.py,是,是
BB_RPB_TSLmeneguzzo,davidzr/strategies/BB_RPB_TSLmeneguzzo/BB_RPB_TSLmeneguzzo.py,是,是
BB_RSI,davidzr/strategies/BB_RSI/BB_RSI.py,否,否
BB_Strategy04,davidzr/strategies/BB_Strategy04/BB_Strategy04.py,否,否
BBands,davidzr/strategies/BBands/BBands.py,是,否
BBandsRSI,davidzr/strategies/BBandsRSI/BBandsRSI.py,是,否
BBlower,davidzr/strategies/BBlower/BBlower.py,否,否
Babico_SMA5xBBmid,davidzr/strategies/Babico_SMA5xBBmid/Babico_SMA5xBBmid.py,否,否
Bandtastic,Bandtastic.py,是,否
BbRoi,davidzr/strategies/BbRoi/BbRoi.py,否,否
BbandRsi,davidzr/strategies/BbandRsi/BbandRsi.py,否,否
BbandRsiRolling,davidzr/strategies/BbandRsiRolling/BbandRsiRolling.py,否,否
BcmbigzDevelop,davidzr/strategies/BcmbigzDevelop/BcmbigzDevelop.py,是,是
BcmbigzV1,davidzr/strategies/BcmbigzV1/BcmbigzV1.py,是,是
BeastBotXBLR6,PeetCrypto/BeastBotXBLR6.py,是,是
BeastBotXBLR7,PeetCrypto/BeastBotXBLR7.py,是,是
BigPete,davidzr/strategies/BigPete/BigPete.py,是,是
BigZ03,davidzr/strategies/BigZ03/BigZ03.py,是,是
BigZ0307HO,davidzr/strategies/BigZ0307HO/BigZ0307HO.py,是,是
BigZ03HO,davidzr/strategies/BigZ03HO/BigZ03HO.py,是,是
BigZ04,davidzr/strategies/BigZ04/BigZ04.py,是,是
BigZ0407,davidzr/strategies/BigZ0407/BigZ0407.py,是,是
BigZ0407HO,davidzr/strategies/BigZ0407HO/BigZ0407HO.py,是,是
BigZ04HO,davidzr/strategies/BigZ04HO/BigZ04HO.py,是,是
BigZ04HO2,davidzr/strategies/BigZ04HO2/BigZ04HO2.py,是,是
BigZ04_TSL3,davidzr/strategies/BigZ04_TSL3/BigZ04_TSL3.py,是,是
BigZ04_TSL4,davidzr/strategies/BigZ04_TSL4/BigZ04_TSL4.py,是,是
BigZ06,davidzr/strategies/BigZ06/BigZ06.py,是,是
BigZ07,davidzr/strategies/BigZ07/BigZ07.py,是,是
BigZ07Next,davidzr/strategies/BigZ07Next/BigZ07Next.py,是,是
BigZ07Next2,davidzr/strategies/BigZ07Next2/BigZ07Next2.py,是,是
BinClucMad,davidzr/strategies/BinClucMad/BinClucMad.py,是,是
BinClucMadDevelop,davidzr/strategies/BinClucMadDevelop/BinClucMadDevelop.py,是,是
BinClucMadSMADevelop,davidzr/strategies/BinClucMadSMADevelop/BinClucMadSMADevelop.py,是,是
BinClucMadV1,davidzr/strategies/BinClucMadV1/BinClucMadV1.py,是,是
BinHV27,werkkrew/strategies/BinHV27.py,是,否
BinHV27F,ssssi/binance/Archive/BinHV27F.py,是,否
BinHV27_short,ssssi/binance/Archive/BinHV27_short.py,是,否
BinHV45,werkkrew/strategies/BinHV45.py,是,否
BinHV45HO,davidzr/strategies/BinHV45HO/BinHV45HO.py,是,否
BlueEyes_MPP_v1,PeetCrypto/BlueEyes_MPP_v1.py,否,是
BreakEven,BreakEven.py,否,否
BuyAllSellAllStrategy,davidzr/strategies/BuyAllSellAllStrategy/BuyAllSellAllStrategy.py,否,否
BuyOnly,davidzr/strategies/BuyOnly/BuyOnly.py,否,否
CBPete9,davidzr/strategies/CBPete9/CBPete9.py,是,是
CCIStrategy,davidzr/strategies/CCIStrategy/CCIStrategy.py,否,否
CMCWinner,davidzr/strategies/CMCWinner/CMCWinner.py,否,否
Cci,davidzr/strategies/Cci/Cci.py,否,否
Chained,PeetCrypto/Chained.py,是,是
Chandem,davidzr/strategies/Chandem/Chandem.py,否,否
Chandemtwo,davidzr/strategies/Chandemtwo/Chandemtwo.py,否,否
Chispei,davidzr/strategies/Chispei/Chispei.py,否,否
Cluc4,werkkrew/strategies/Cluc4.py,否,是
Cluc4werk,werkkrew/strategies/Cluc6werk.py,是,是
Cluc5werk,werkkrew/strategies/Cluc5werk.py,是,是
Cluc7werk,werkkrew/strategies/Cluc7werk.py,是,否
ClucCrypROI,werkkrew/strategies/ClucCrypROI.py,是,是
ClucCrypSlow,werkkrew/strategies/ClucCrypSlow.py,是,是
ClucFiatROI,werkkrew/strategies/ClucFiatROI.py,是,否
ClucFiatSlow,werkkrew/strategies/ClucFiatSlow.py,是,否
ClucHAnix,werkkrew/strategies/ClucHAnix.py,是,是
ClucHAnix5m,davidzr/strategies/ClucHAnix5m/ClucHAnix5m.py,是,是
ClucHAnix_5m,ssssi/ClucHAnix/ClucHAnix_5m.py,是,是
ClucHAnix_5m1,davidzr/strategies/ClucHAnix_5m1/ClucHAnix_5m1.py,是,是
ClucHAnix_BB_RPB,PeetCrypto/ClucHAnix_BB_RPB.py,是,是
ClucHAnix_BB_RPB_HO2,PeetCrypto/ClucHAnix_BB_RPB_HO2.py,是,是
ClucHAnix_BB_RPB_MOD,davidzr/strategies/ClucHAnix_BB_RPB_MOD/ClucHAnix_BB_RPB_MOD.py,是,是
ClucHAnix_BB_RPB_MOD2_ROI,davidzr/strategies/ClucHAnix_BB_RPB_MOD2_ROI/ClucHAnix_BB_RPB_MOD2_ROI.py,是,是
ClucHAnix_BB_RPB_MOD_CTT,davidzr/strategies/ClucHAnix_BB_RPB_MOD_CTT/ClucHAnix_BB_RPB_MOD_CTT.py,是,是
ClucHAnix_BB_RPB_MOD_E0V1E_ROI,davidzr/strategies/ClucHAnix_BB_RPB_MOD_E0V1E_ROI/ClucHAnix_BB_RPB_MOD_E0V1E_ROI.py,是,是
ClucHAnix_BB_RPB_MOD_trailing_buy,PeetCrypto/ClucHAnix_BB_RPB_MOD_trailing_buy.py,是,是
ClucHAnix_hhll,davidzr/strategies/ClucHAnix_hhll/ClucHAnix_hhll.py,是,是
ClucHAwerk,werkkrew/strategies/ClucHAwerk.py,是,是
ClucMay72018,davidzr/strategies/ClucMay72018/ClucMay72018.py,否,否
Cluckie,werkkrew/strategies/Cluckie.py,是,否
CofiBitStrategy,davidzr/strategies/CofiBitStrategy/CofiBitStrategy.py,是,否
CombinedBinHAndCluc,ssssi/binance/Archive/CombinedBinHAndCluc.py,是,否
CombinedBinHAndCluc2021,davidzr/strategies/CombinedBinHAndCluc2021/CombinedBinHAndCluc2021.py,否,否
CombinedBinHAndCluc2021Bull,davidzr/strategies/CombinedBinHAndCluc2021Bull/CombinedBinHAndCluc2021Bull.py,否,否
CombinedBinHAndClucHyperV0,davidzr/strategies/CombinedBinHAndClucHyperV0/CombinedBinHAndClucHyperV0.py,是,否
CombinedBinHAndClucHyperV3,davidzr/strategies/CombinedBinHAndClucHyperV3/CombinedBinHAndClucHyperV3.py,是,否
CombinedBinHAndClucV2,davidzr/strategies/CombinedBinHAndClucV2/CombinedBinHAndClucV2.py,否,是
CombinedBinHAndClucV3,davidzr/strategies/CombinedBinHAndClucV3/CombinedBinHAndClucV3.py,否,否
CombinedBinHAndClucV4,davidzr/strategies/CombinedBinHAndClucV4/CombinedBinHAndClucV4.py,否,否
CombinedBinHAndClucV5,davidzr/strategies/CombinedBinHAndClucV5/CombinedBinHAndClucV5.py,否,否
CombinedBinHAndClucV5Hyperoptable,davidzr/strategies/CombinedBinHAndClucV5Hyperoptable/CombinedBinHAndClucV5Hyperoptable.py,是,否
CombinedBinHAndClucV6,davidzr/strategies/CombinedBinHAndClucV6/CombinedBinHAndClucV6.py,否,是
CombinedBinHAndClucV6H,davidzr/strategies/CombinedBinHAndClucV6H/CombinedBinHAndClucV6H.py,是,是
CombinedBinHAndClucV7,davidzr/strategies/CombinedBinHAndClucV7/CombinedBinHAndClucV7.py,是,是
CombinedBinHAndClucV8,davidzr/strategies/CombinedBinHAndClucV8/CombinedBinHAndClucV8.py,是,是
CombinedBinHAndClucV8Hyper,davidzr/strategies/CombinedBinHAndClucV8Hyper/CombinedBinHAndClucV8Hyper.py,是,是
CombinedBinHAndClucV8XH,davidzr/strategies/CombinedBinHAndClucV8XH/CombinedBinHAndClucV8XH.py,是,是
CombinedBinHAndClucV8XHO,davidzr/strategies/CombinedBinHAndClucV8XHO/CombinedBinHAndClucV8XHO.py,是,是
CombinedBinHClucAndMADV3,davidzr/strategies/CombinedBinHClucAndMADV3/CombinedBinHClucAndMADV3.py,否,是
CombinedBinHClucAndMADV5,davidzr/strategies/CombinedBinHClucAndMADV5/CombinedBinHClucAndMADV5.py,否,是
CombinedBinHClucAndMADV6,davidzr/strategies/CombinedBinHClucAndMADV6/CombinedBinHClucAndMADV6.py,否,是
CombinedBinHClucAndMADV9,davidzr/strategies/CombinedBinHClucAndMADV9/CombinedBinHClucAndMADV9.py,是,是
Combined_Indicators,davidzr/strategies/Combined_Indicators/Combined_Indicators.py,否,否
Combined_NFIv6_SMA,davidzr/strategies/Combined_NFIv6_SMA/Combined_NFIv6_SMA.py,是,是
Combined_NFIv7_SMA,davidzr/strategies/Combined_NFIv7_SMA/Combined_NFIv7_SMA.py,是,是
Combined_NFIv7_SMA_Rallipanos_20210707,davidzr/strategies/Combined_NFIv7_SMA_Rallipanos_20210707/Combined_NFIv7_SMA_Rallipanos_20210707.py,是,是
Combined_NFIv7_SMA_bAdBoY_20211204,davidzr/strategies/Combined_NFIv7_SMA_bAdBoY_20211204/Combined_NFIv7_SMA_bAdBoY_20211204.py,是,是
ConsensusShort,ssssi/binance/Archive/ConsensusShort.py,是,否
CoreStrategy,davidzr/strategies/CoreStrategy/CoreStrategy.py,是,是
CrossEMAStrategy,davidzr/strategies/CrossEMAStrategy/CrossEMAStrategy.py,是,否
CryptoFrog,davidzr/strategies/CryptoFrog/CryptoFrog.py,是,是
CryptoFrogHO,davidzr/strategies/CryptoFrogHO/CryptoFrogHO.py,是,是
CryptoFrogHO2,davidzr/strategies/CryptoFrogHO2/CryptoFrogHO2.py,是,是
CryptoFrogHO2A,davidzr/strategies/CryptoFrogHO2A/CryptoFrogHO2A.py,是,是
CryptoFrogHO3A1,davidzr/strategies/CryptoFrogHO3A1/CryptoFrogHO3A1.py,是,是
CryptoFrogHO3A2,davidzr/strategies/CryptoFrogHO3A2/CryptoFrogHO3A2.py,是,是
CryptoFrogHO3A3,davidzr/strategies/CryptoFrogHO3A3/CryptoFrogHO3A3.py,是,是
CryptoFrogHO3A4,davidzr/strategies/CryptoFrogHO3A4/CryptoFrogHO3A4.py,是,是
CryptoFrogNFI,davidzr/strategies/CryptoFrogNFI/CryptoFrogNFI.py,是,是
CryptoFrogNFI2,PeetCrypto/CryptoFrogNFI2.py,是,是
CryptoFrogNFIHO1A,davidzr/strategies/CryptoFrogNFIHO1A/CryptoFrogNFIHO1A.py,是,是
CryptoFrogOffset,davidzr/strategies/CryptoFrogOffset/CryptoFrogOffset.py,是,是
CustomStoplossWithPSAR,CustomStoplossWithPSAR.py,否,否
DCBBBounce,davidzr/strategies/DCBBBounce/DCBBBounce.py,是,否
DD,davidzr/strategies/DD/DD.py,否,否
DIV_v1,davidzr/strategies/DIV_v1/DIV_v1.py,否,否
DevilStra,lookahead_bias/DevilStra.py,是,是
Diamond,Diamond.py,是,否
Dimond,PeetCrypto/Dimond.py,是,否
Divergences,davidzr/strategies/Divergences/Divergences.py,否,否
DoesNothingStrategy,PeetCrypto/DoesNothingStrategy.py,否,否
Dracula,davidzr/strategies/Dracula/Dracula.py,是,否
Dyna_opti,davidzr/strategies/Dyna_opti/Dyna_opti.py,是,是
E0V1E,ssssi/binance/dry_run/buy1_and_buynew/E0V1E.py,是,否
E0V1EN,ssssi/binance/dry_run/E0V1EN.py,是,否
EI3v2_tag_cofi_green,davidzr/strategies/EI3v2_tag_cofi_green/EI3v2_tag_cofi_green.py,是,是
EMA50,davidzr/strategies/EMA50/EMA50.py,是,否
EMA520015_V17,davidzr/strategies/EMA520015_V17/EMA520015_V17.py,否,否
EMABBRSI,davidzr/strategies/EMABBRSI/EMABBRSI.py,否,否
EMABreakout,davidzr/strategies/EMABreakout/EMABreakout.py,是,否
EMASkipPump,davidzr/strategies/EMASkipPump/EMASkipPump.py,否,否
EMAVolume,davidzr/strategies/EMAVolume/EMAVolume.py,否,否
EMA_CROSSOVER_STRATEGY,davidzr/strategies/EMA_CROSSOVER_STRATEGY/EMA_CROSSOVER_STRATEGY.py,否,否
EXPERIMENTAL_STRATEGY,davidzr/strategies/EXPERIMENTAL_STRATEGY/EXPERIMENTAL_STRATEGY.py,否,否
ElliotV2,davidzr/strategies/ElliotV2/ElliotV2.py,是,是
ElliotV4,davidzr/strategies/ElliotV4/ElliotV4.py,是,是
ElliotV531,davidzr/strategies/ElliotV531/ElliotV531.py,是,是
ElliotV5HO,davidzr/strategies/ElliotV5HO/ElliotV5HO.py,是,是
ElliotV5HOMod2,davidzr/strategies/ElliotV5HOMod2/ElliotV5HOMod2.py,是,是
ElliotV5HOMod3,davidzr/strategies/ElliotV5HOMod3/ElliotV5HOMod3.py,是,是
ElliotV7,davidzr/strategies/ElliotV7/ElliotV7.py,是,是
ElliotV8HO,davidzr/strategies/ElliotV8HO/ElliotV8HO.py,是,是
ElliotV8_original,davidzr/strategies/ElliotV8_original/ElliotV8_original.py,是,否
ElliotV8_original_ichiv2,davidzr/strategies/ElliotV8_original_ichiv2/ElliotV8_original_ichiv2.py,是,否
ElliotV8_original_ichiv3,davidzr/strategies/ElliotV8_original_ichiv3/ElliotV8_original_ichiv3.py,是,否
Elliotv8,davidzr/strategies/Elliotv8/Elliotv8.py,是,否
Enchilada,werkkrew/strategies/Enchilada.py,否,是
EnsembleStrategy,PeetCrypto/EnsembleStrategy.py,是,是
EnsembleStrategyV1,PeetCrypto/EnsembleStrategyV1.py,是,是
EnsembleStrategyV2,PeetCrypto/EnsembleStrategyV2.py,是,是
FAdxSmaStrategy,futures/FAdxSmaStrategy.py,是,否
FOttStrategy,futures/FOttStrategy.py,否,否
FRAYSTRAT,davidzr/strategies/FRAYSTRAT/FRAYSTRAT.py,是,否
FReinforcedStrategy,futures/FReinforcedStrategy.py,是,否
FSampleStrategy,futures/FSampleStrategy.py,是,否
FSupertrendStrategy,futures/FSupertrendStrategy.py,是,否
Fakebuy,werkkrew/strategies/Fakebuy.py,是,是
FastSupertrend,davidzr/strategies/FastSupertrend/FastSupertrend.py,是,否
FastSupertrendOpt,davidzr/strategies/FastSupertrendOpt/FastSupertrendOpt.py,是,否
FiveMinCrossAbove,davidzr/strategies/FiveMinCrossAbove/FiveMinCrossAbove.py,否,否
FixedRiskRewardLoss,FixedRiskRewardLoss.py,否,否
ForexSignal,davidzr/strategies/ForexSignal/ForexSignal.py,否,是
FrayLIVEBTC15m,PeetCrypto/FrayLIVEBTC15m.py,是,是
FrayStratBTC,PeetCrypto/FRAYSTRAT-BTCUSDT-1H.py,是,否
Freqtrade_backtest_validation_freqtrade1,berlinguyinca/Freqtrade_backtest_validation_freqtrade1.py,否,否
FrostAuraM115mStrategy,davidzr/strategies/FrostAuraM115mStrategy/FrostAuraM115mStrategy.py,否,否
FrostAuraM11hStrategy,davidzr/strategies/FrostAuraM11hStrategy/FrostAuraM11hStrategy.py,否,否
FrostAuraM21hStrategy,davidzr/strategies/FrostAuraM21hStrategy/FrostAuraM21hStrategy.py,否,否
FrostAuraM315mStrategy,davidzr/strategies/FrostAuraM315mStrategy/FrostAuraM315mStrategy.py,否,否
FrostAuraM31hStrategy,davidzr/strategies/FrostAuraM31hStrategy/FrostAuraM31hStrategy.py,否,否
FrostAuraRandomStrategy,davidzr/strategies/FrostAuraRandomStrategy/FrostAuraRandomStrategy.py,是,否
GodCard,davidzr/strategies/GodCard/GodCard.py,是,否
GodStra,GodStra.py,是,否
GodStraNew,lookahead_bias/GodStraNew.py,是,否
GodStraNew40,davidzr/strategies/GodStraNew40/GodStraNew40.py,是,否
GodStraNew_SMAonly,davidzr/strategies/GodStraNew_SMAonly/GodStraNew_SMAonly.py,是,否
GodStra_hyperopt,GodStra_hyperopt.py,是,否
GodStra_hyperopt_fixinds,GodStra_hyperopt_fixinds.py,是,否
Guacamole,werkkrew/strategies/Guacamole.py,是,否
Gumbo1,davidzr/strategies/Gumbo1/Gumbo1.py,是,是
GymStrategy,PeetCrypto/GymStrategy.py,否,是
HLHB,PeetCrypto/HLHB.py,否,否
Hacklemore,werkkrew/strategies/HacklemoreX.py,否,否
Hacklemore2,werkkrew/strategies/Hacklemore2.py,否,否
Hacklemore3,werkkrew/strategies/Hacklemore3.py,否,否
Hacklemost,werkkrew/strategies/Hacklemost.py,是,否
HansenSmaOffsetV1,davidzr/strategies/HansenSmaOffsetV1/HansenSmaOffsetV1.py,否,否
HarmonicDivergence,davidzr/strategies/HarmonicDivergence/HarmonicDivergence.py,是,否
Heracles,Heracles.py,是,否
HourBasedStrategy,HourBasedStrategy.py,是,否
HourBasedStrategy_5m,ssssi/binance/Archive/HourBasedStrategy.py,是,否
HyperStra_GSN_SMAOnly,davidzr/strategies/HyperStra_GSN_SMAOnly/HyperStra_GSN_SMAOnly.py,是,否
HyperStra_SMAOnly,davidzr/strategies/HyperStra_SMAOnly/HyperStra_SMAOnly.py,是,否
INSIDEUP,davidzr/strategies/INSIDEUP/INSIDEUP.py,否,否
Ichess,davidzr/strategies/Ichess/Ichess.py,是,否
Ichi,davidzr/strategies/Ichi/Ichi.py,是,否
Ichimoku,davidzr/strategies/Ichimoku/Ichimoku.py,否,否
IchimokuStrategy,PeetCrypto/IchimokuStrategy.py,否,否
Ichimoku_SenkouSpanCross,davidzr/strategies/Ichimoku_SenkouSpanCross/Ichimoku_SenkouSpanCross.py,否,否
Ichimoku_v12,davidzr/strategies/Ichimoku_v12/Ichimoku_v12.py,否,否
Ichimoku_v30,davidzr/strategies/Ichimoku_v30/Ichimoku_v30.py,否,否
Ichimoku_v31,davidzr/strategies/Ichimoku_v31/Ichimoku_v31.py,否,是
Ichimoku_v32,davidzr/strategies/Ichimoku_v32/Ichimoku_v32.py,否,否
Ichimoku_v33,davidzr/strategies/Ichimoku_v33/Ichimoku_v33.py,否,否
Ichimoku_v35,PeetCrypto/Ichimoku_v35_SAR_1d.py,否,否
Ichimoku_v37,davidzr/strategies/Ichimoku_v37/Ichimoku_v37.py,否,是
InformativeSample,InformativeSample.py,否,否
Inverse,davidzr/strategies/Inverse/Inverse.py,是,是
InverseV2,davidzr/strategies/InverseV2/InverseV2.py,是,是
JustROCR,davidzr/strategies/JustROCR/JustROCR.py,否,否
JustROCR2,PeetCrypto/JustROCR2.py,否,否
JustROCR3,davidzr/strategies/JustROCR3/JustROCR3.py,否,否
JustROCR4,PeetCrypto/JustROCR4.py,否,否
JustROCR5,davidzr/strategies/JustROCR5/JustROCR5.py,否,否
JustROCR6,davidzr/strategies/JustROCR6/JustROCR6.py,否,否
KAMACCIRSI,davidzr/strategies/KAMACCIRSI/KAMACCIRSI.py,是,否
KAMACCIRSI_new,werkkrew/strategies/KAMACCIRSI.py,是,否
KC_BB,davidzr/strategies/KC_BB/KC_BB.py,是,否
Kamaflage,werkkrew/strategies/KamaRsi2.py,是,否
Lateralus,werkkrew/strategies/Lateralus.py,是,是
Leveraged,davidzr/strategies/Leveraged/Leveraged.py,否,否
LongShortRangeTradingMachetesV1,PeetCrypto/LongShortRangeTradingMachetesV1-1.py,是,是
LookaheadStrategy,davidzr/strategies/LookaheadStrategy/LookaheadStrategy.py,是,否
Low_BB,davidzr/strategies/Low_BB/Low_BB.py,否,否
LuxOSC,davidzr/strategies/LuxOSC/LuxOSC.py,是,否
MAC,davidzr/strategies/MAC/MAC.py,是,否
MACDCCI,davidzr/strategies/MACDCCI/MACDCCI.py,否,否
MACDRSI200,davidzr/strategies/MACDRSI200/MACDRSI200.py,否,否
MACDStrategy,davidzr/strategies/MACDStrategy/MACDStrategy.py,是,否
MACDStrategy_crossed,davidzr/strategies/MACDStrategy_crossed/MACDStrategy_crossed.py,否,否
MACD_EMA,davidzr/strategies/MACD_EMA/MACD_EMA.py,否,否
MACD_TRIPLE_MA,davidzr/strategies/MACD_TRIPLE_MA/MACD_TRIPLE_MA.py,否,否
MACD_TRI_EMA,davidzr/strategies/MACD_TRI_EMA/MACD_TRI_EMA.py,否,否
MADisplaceV3,davidzr/strategies/MADisplaceV3/MADisplaceV3.py,是,是
MFI,davidzr/strategies/MFI/MFI.py,否,否
MabStra,davidzr/strategies/mabStra/mabStra.py,是,否
Macd,davidzr/strategies/Macd/Macd.py,否,是
MacheteV8b,davidzr/strategies/MacheteV8b/MacheteV8b.py,是,是
MacheteV8bRallimod,PeetCrypto/MacheteV8bRallimod.py,是,是
MacheteV8bRallimod2,davidzr/strategies/MacheteV8bRallimod2/MacheteV8bRallimod2.py,是,是
MarketChyperHyperStrategy,davidzr/strategies/MarketChyperHyperStrategy/MarketChyperHyperStrategy.py,是,否
Maro4hMacdSd,davidzr/strategies/Maro4hMacdSd/Maro4hMacdSd.py,否,否
Martin,davidzr/strategies/Martin/Martin.py,否,否
MasterMoniGoManiHyperStrategy,PeetCrypto/MasterMoniGoManiHyperStrategy.py,是,否
Miku_PP_v3,PeetCrypto/Miku_PP_v3.py,否,是
MiniLambo,davidzr/strategies/MiniLambo/MiniLambo.py,是,是
Minmax,davidzr/strategies/Minmax/Minmax.py,否,否
MomStrategy,davidzr/strategies/MomStrategy/MomStrategy.py,否,否
Momentumv2,davidzr/strategies/Momentumv2/Momentumv2.py,是,否
MontrealStrategy,davidzr/strategies/MontrealStrategy/MontrealStrategy.py,否,否
MostOfAll,davidzr/strategies/MostOfAll/MostOfAll.py,是,否
MultiMA_TSL,davidzr/strategies/MultiMA_TSL/MultiMA_TSL.py,是,否
MultiMA_TSL3,davidzr/strategies/MultiMA_TSL3/MultiMA_TSL3.py,是,是
MultiMA_TSL3_Mod,davidzr/strategies/MultiMA_TSL3_Mod/MultiMA_TSL3_Mod.py,是,否
MultiMa,MultiMa.py,是,否
MultiOffsetLamboV0,davidzr/strategies/MultiOffsetLamboV0/MultiOffsetLamboV0.py,是,否
MultiRSI,davidzr/strategies/MultiRSI/MultiRSI.py,否,否
MyStrategyNew10,PeetCrypto/MyStrategyNew10.py,是,否
NASOSRv6_private_Reinuvader_20211121,davidzr/strategies/NASOSRv6_private_Reinuvader_20211121/NASOSRv6_private_Reinuvader_20211121.py,是,是
NASOSv4,davidzr/strategies/NASOSv4/NASOSv4.py,是,是
NASOSv5,davidzr/strategies/NASOSv5/NASOSv5.py,是,是
NASOSv5_mod1,davidzr/strategies/NASOSv5_mod1/NASOSv5_mod1.py,是,是
NASOSv5_mod1_DanMod,davidzr/strategies/NASOSv5_mod1_DanMod/NASOSv5_mod1_DanMod.py,是,是
NASOSv5_mod2,davidzr/strategies/NASOSv5_mod2/NASOSv5_mod2.py,是,是
NASOSv5_mod3,davidzr/strategies/NASOSv5_mod3/NASOSv5_mod3.py,是,是
NEWTEST15m,PeetCrypto/FrayNew-HyperOpt (1).py,是,否
NFI46,davidzr/strategies/NFI46/NFI46.py,是,是
NFI46Frog,davidzr/strategies/NFI46Frog/NFI46Frog.py,是,是
NFI46FrogZ,davidzr/strategies/NFI46FrogZ/NFI46FrogZ.py,是,是
NFI46Offset,davidzr/strategies/NFI46Offset/NFI46Offset.py,是,是
NFI46OffsetHOA1,davidzr/strategies/NFI46OffsetHOA1/NFI46OffsetHOA1.py,是,是
NFI46Z,davidzr/strategies/NFI46Z/NFI46Z.py,是,是
NFI47V2,davidzr/strategies/NFI47V2/NFI47V2.py,是,是
NFI4Frog,davidzr/strategies/NFI4Frog/NFI4Frog.py,是,是
NFI5MOHO,davidzr/strategies/NFI5MOHO/NFI5MOHO.py,是,是
NFI5MOHO2,davidzr/strategies/NFI5MOHO2/NFI5MOHO2.py,是,是
NFI5MOHO_WIP,davidzr/strategies/NFI5MOHO_WIP/NFI5MOHO_WIP.py,是,是
NFI5MOHO_WIP_1,davidzr/strategies/NFI5MOHO_WIP_1/NFI5MOHO_WIP_1.py,是,是
NFI5MOHO_WIP_2,davidzr/strategies/NFI5MOHO_WIP_2/NFI5MOHO_WIP_2.py,是,是
NFI731_BUSD,davidzr/strategies/NFI731_BUSD/NFI731_BUSD.py,是,是
NFI7MOHO,davidzr/strategies/NFI7MOHO/NFI7MOHO.py,是,是
NFINextMOHO,davidzr/strategies/NFINextMOHO/NFINextMOHO.py,是,是
NFINextMOHO2,davidzr/strategies/NFINextMOHO2/NFINextMOHO2.py,是,是
NFINextMultiOffsetAndHO,davidzr/strategies/NFINextMultiOffsetAndHO/NFINextMultiOffsetAndHO.py,是,是
NFINextMultiOffsetAndHO2,davidzr/strategies/NFINextMultiOffsetAndHO2/NFINextMultiOffsetAndHO2.py,是,是
NFIX_BB_RPB,davidzr/strategies/NFIX_BB_RPB/NFIX_BB_RPB.py,是,是
NFIX_BB_RPB_c7c477d_20211030,davidzr/strategies/NFIX_BB_RPB_c7c477d_20211030/NFIX_BB_RPB_c7c477d_20211030.py,是,是
NfiNextModded,davidzr/strategies/NfiNextModded/NfiNextModded.py,是,是
NoLost,PeetCrypto/NoLost.py,否,否
NormalizerStrategy,davidzr/strategies/NormalizerStrategy/NormalizerStrategy.py,否,否
NormalizerStrategyHO2,davidzr/strategies/NormalizerStrategyHO2/NormalizerStrategyHO2.py,否,否
Nostalgia,davidzr/strategies/Nostalgia/Nostalgia.py,是,是
NostalgiaForInfinityNext,davidzr/strategies/NostalgiaForInfinityNext/NostalgiaForInfinityNext.py,是,是
NostalgiaForInfinityNextGen,davidzr/strategies/NostalgiaForInfinityNextGen/NostalgiaForInfinityNextGen.py,是,是
NostalgiaForInfinityNextGen_TSL,davidzr/strategies/NostalgiaForInfinityNextGen_TSL/NostalgiaForInfinityNextGen_TSL.py,是,是
NostalgiaForInfinityNextV7155,davidzr/strategies/NostalgiaForInfinityNextV7155/NostalgiaForInfinityNextV7155.py,是,是
NostalgiaForInfinityNext_ChangeToTower_V5_2,davidzr/strategies/NostalgiaForInfinityNext_ChangeToTower_V5_2/NostalgiaForInfinityNext_ChangeToTower_V5_2.py,是,是
NostalgiaForInfinityNext_ChangeToTower_V5_3,davidzr/strategies/NostalgiaForInfinityNext_ChangeToTower_V5_3/NostalgiaForInfinityNext_ChangeToTower_V5_3.py,是,是
NostalgiaForInfinityNext_ChangeToTower_V6,davidzr/strategies/NostalgiaForInfinityNext_ChangeToTower_V6/NostalgiaForInfinityNext_ChangeToTower_V6.py,是,是
NostalgiaForInfinityNext_maximizer,davidzr/strategies/NostalgiaForInfinityNext_maximizer/NostalgiaForInfinityNext_maximizer.py,是,是
NostalgiaForInfinityV1,davidzr/strategies/NostalgiaForInfinityV1/NostalgiaForInfinityV1.py,否,是
NostalgiaForInfinityV2,davidzr/strategies/NostalgiaForInfinityV2/NostalgiaForInfinityV2.py,是,是
NostalgiaForInfinityV3,davidzr/strategies/NostalgiaForInfinityV3/NostalgiaForInfinityV3.py,是,是
NostalgiaForInfinityV4,davidzr/strategies/NostalgiaForInfinityV4/NostalgiaForInfinityV4.py,是,是
NostalgiaForInfinityV4HO,davidzr/strategies/NostalgiaForInfinityV4HO/NostalgiaForInfinityV4HO.py,是,是
NostalgiaForInfinityV5,davidzr/strategies/NostalgiaForInfinityV5/NostalgiaForInfinityV5.py,是,是
NostalgiaForInfinityV5MultiOffsetAndHO,davidzr/strategies/NostalgiaForInfinityV5MultiOffsetAndHO/NostalgiaForInfinityV5MultiOffsetAndHO.py,是,是
NostalgiaForInfinityV5MultiOffsetAndHO2,davidzr/strategies/NostalgiaForInfinityV5MultiOffsetAndHO2/NostalgiaForInfinityV5MultiOffsetAndHO2.py,是,是
NostalgiaForInfinityV6,davidzr/strategies/NostalgiaForInfinityV6/NostalgiaForInfinityV6.py,是,是
NostalgiaForInfinityV6HO,davidzr/strategies/NostalgiaForInfinityV6HO/NostalgiaForInfinityV6HO.py,是,是
NostalgiaForInfinityV7,davidzr/strategies/NostalgiaForInfinityV7/NostalgiaForInfinityV7.py,是,是
NostalgiaForInfinityV7_7_2,davidzr/strategies/NostalgiaForInfinityV7_7_2/NostalgiaForInfinityV7_7_2.py,是,是
NostalgiaForInfinityV7_SMA,davidzr/strategies/NostalgiaForInfinityV7_SMA/NostalgiaForInfinityV7_SMA.py,是,是
NostalgiaForInfinityV7_SMAv2,davidzr/strategies/NostalgiaForInfinityV7_SMAv2/NostalgiaForInfinityV7_SMAv2.py,是,是
NostalgiaForInfinityV7_SMAv2_1,davidzr/strategies/NostalgiaForInfinityV7_SMAv2_1/NostalgiaForInfinityV7_SMAv2_1.py,是,是
NostalgiaForInfinityX,davidzr/strategies/NostalgiaForInfinityX/NostalgiaForInfinityX.py,是,是
NostalgiaForInfinityX2,davidzr/strategies/NostalgiaForInfinityX2/NostalgiaForInfinityX2.py,是,是
NostalgiaForInfinityXw,davidzr/strategies/NostalgiaForInfinityXw/NostalgiaForInfinityXw.py,是,是
NotAnotherSMAOffSetStrategy_V2,davidzr/strategies/NotAnotherSMAOffSetStrategy_V2/NotAnotherSMAOffSetStrategy_V2.py,是,否
NotAnotherSMAOffsetStrategy,davidzr/strategies/NotAnotherSMAOffsetStrategy/NotAnotherSMAOffsetStrategy.py,是,否
NotAnotherSMAOffsetStrategyHO,davidzr/strategies/NotAnotherSMAOffsetStrategyHO/NotAnotherSMAOffsetStrategyHO.py,是,否
NotAnotherSMAOffsetStrategyHOv3,davidzr/strategies/NotAnotherSMAOffsetStrategyHOv3/NotAnotherSMAOffsetStrategyHOv3.py,是,否
NotAnotherSMAOffsetStrategyLite,davidzr/strategies/NotAnotherSMAOffsetStrategyLite/NotAnotherSMAOffsetStrategyLite.py,是,否
NotAnotherSMAOffsetStrategyModHO,davidzr/strategies/NotAnotherSMAOffsetStrategyModHO/NotAnotherSMAOffsetStrategyModHO.py,是,否
NotAnotherSMAOffsetStrategyModHO_LamineDz_20210901,davidzr/strategies/NotAnotherSMAOffsetStrategyModHO_LamineDz_20210901/NotAnotherSMAOffsetStrategyModHO_LamineDz_20210901.py,是,否
NotAnotherSMAOffsetStrategyX1,davidzr/strategies/NotAnotherSMAOffsetStrategyX1/NotAnotherSMAOffsetStrategyX1.py,是,否
NotAnotherSMAOffsetStrategy_uzi,davidzr/strategies/NotAnotherSMAOffsetStrategy_uzi/NotAnotherSMAOffsetStrategy_uzi.py,是,否
NotAnotherSMAOffsetStrategy_uzi3,davidzr/strategies/NotAnotherSMAOffsetStrategy_uzi3/NotAnotherSMAOffsetStrategy_uzi3.py,是,否
NowoIchimoku1hV1,davidzr/strategies/NowoIchimoku1hV1/NowoIchimoku1hV1.py,是,否
NowoIchimoku1hV2,davidzr/strategies/NowoIchimoku1hV2/NowoIchimoku1hV2.py,是,否
NowoIchimoku5mV2,davidzr/strategies/NowoIchimoku5mV2/NowoIchimoku5mV2.py,是,是
ONUR,davidzr/strategies/ONUR/ONUR.py,否,否
ObeliskIM_v1_1,davidzr/strategies/ObeliskIM_v1_1/ObeliskIM_v1_1.py,否,否
ObeliskRSI_v6_1,davidzr/strategies/ObeliskRSI_v6_1/ObeliskRSI_v6_1.py,是,否
Obelisk_3EMA_StochRSI_ATR,davidzr/strategies/Obelisk_3EMA_StochRSI_ATR/Obelisk_3EMA_StochRSI_ATR.py,否,是
Obelisk_Ichimoku_Slow_v1_3,davidzr/strategies/Obelisk_Ichimoku_Slow_v1_3/Obelisk_Ichimoku_Slow_v1_3.py,否,是
Obelisk_Ichimoku_ZEMA_v1,davidzr/strategies/Obelisk_Ichimoku_ZEMA_v1/Obelisk_Ichimoku_ZEMA_v1.py,是,是
Obelisk_TradePro_Ichi_v1_1,davidzr/strategies/Obelisk_TradePro_Ichi_v1_1/Obelisk_TradePro_Ichi_v1_1.py,否,否
Obelisk_TradePro_Ichi_v2_1,davidzr/strategies/Obelisk_TradePro_Ichi_v2_1/Obelisk_TradePro_Ichi_v2_1.py,否,否
PRICEFOLLOWING,davidzr/strategies/PRICEFOLLOWING/PRICEFOLLOWING.py,是,否
PRICEFOLLOWING2,davidzr/strategies/PRICEFOLLOWING2/PRICEFOLLOWING2.py,是,否
PRICEFOLLOWINGX,davidzr/strategies/PRICEFOLLOWINGX/PRICEFOLLOWINGX.py,是,否
PatternRecognition,PatternRecognition.py,是,否
Persia,davidzr/strategies/Persia/Persia.py,是,否
Pmax,werkkrew/strategies/Pmax.py,否,否
PowerTower,PowerTower.py,是,否
PrawnstarOBV,davidzr/strategies/PrawnstarOBV/PrawnstarOBV.py,是,否
Precognition,PeetCrypto/precognition (1).py,是,否
Prediction_Strategy,PeetCrypto/Prediction_Strategy.py,否,否
PumpDetector,davidzr/strategies/PumpDetector/PumpDetector.py,是,否
QuickBuyStrategy,PeetCrypto/QuickBuyStrategy.py,否,否
Quickie,davidzr/strategies/Quickie/Quickie.py,否,否
RSI,davidzr/strategies/RSI/RSI.py,否,否
RSIBB02,davidzr/strategies/RSIBB02/RSIBB02.py,否,否
RSIDivTirail,PeetCrypto/RSIDivergence.py,是,否
RSIv2,davidzr/strategies/RSIv2/RSIv2.py,否,否
RalliV1,davidzr/strategies/RalliV1/RalliV1.py,是,否
RalliV1_disable56,davidzr/strategies/RalliV1_disable56/RalliV1_disable56.py,是,否
RaposaDivergenceV1,davidzr/strategies/RaposaDivergenceV1/RaposaDivergenceV1.py,是,否
ReinforcedAverageStrategy,davidzr/strategies/ReinforcedAverageStrategy/ReinforcedAverageStrategy.py,否,否
ReinforcedQuickie,ssssi/binance/Archive/ReinforcedQuickie.py,是,否
ReinforcedSmoothScalp,davidzr/strategies/ReinforcedSmoothScalp/ReinforcedSmoothScalp.py,否,否
Renko,werkkrew/strategies/Renko.py,否,否
RenkoYolo,werkkrew/strategies/RenkoYolo.py,是,否
RobotradingBody,davidzr/strategies/RobotradingBody/RobotradingBody.py,是,否
Roth01,davidzr/strategies/Roth01/Roth01.py,是,否
Roth03,davidzr/strategies/Roth03/Roth03.py,是,否
SAR,PeetCrypto/SAR (1).py,是,否
SMAIP3,davidzr/strategies/SMAIP3/SMAIP3.py,是,否
SMAIP3v2,davidzr/strategies/SMAIP3v2/SMAIP3v2.py,是,否
SMAOG,davidzr/strategies/SMAOG/SMAOG.py,是,否
SMAOPv1_TTF,davidzr/strategies/SMAOPv1_TTF/SMAOPv1_TTF.py,是,是
SMAOffset,davidzr/strategies/SMAOffset/SMAOffset.py,是,否
SMAOffsetProtectOpt,davidzr/strategies/SMAOffsetProtectOpt/SMAOffsetProtectOpt.py,是,是
SMAOffsetProtectOptV0,davidzr/strategies/SMAOffsetProtectOptV0/SMAOffsetProtectOptV0.py,是,是
SMAOffsetProtectOptV1,davidzr/strategies/SMAOffsetProtectOptV1/SMAOffsetProtectOptV1.py,是,是
SMAOffsetProtectOptV1HO1,davidzr/strategies/SMAOffsetProtectOptV1HO1/SMAOffsetProtectOptV1HO1.py,是,是
SMAOffsetProtectOptV1Mod,davidzr/strategies/SMAOffsetProtectOptV1Mod/SMAOffsetProtectOptV1Mod.py,是,是
SMAOffsetProtectOptV1Mod2,davidzr/strategies/SMAOffsetProtectOptV1Mod2/SMAOffsetProtectOptV1Mod2.py,是,是
SMAOffsetProtectOptV1_kkeue_20210619,davidzr/strategies/SMAOffsetProtectOptV1_kkeue_20210619/SMAOffsetProtectOptV1_kkeue_20210619.py,是,是
SMAOffsetV2,davidzr/strategies/SMAOffsetV2/SMAOffsetV2.py,否,是
SMA_BBRSI,davidzr/strategies/SMA_BBRSI/SMA_BBRSI.py,是,是
SRsi,davidzr/strategies/SRsi/SRsi.py,否,否
STRATEGY_RSI_BB_BOUNDS_CROSS,davidzr/strategies/STRATEGY_RSI_BB_BOUNDS_CROSS/STRATEGY_RSI_BB_BOUNDS_CROSS.py,否,否
STRATEGY_RSI_BB_CROSS,davidzr/strategies/STRATEGY_RSI_BB_CROSS/STRATEGY_RSI_BB_CROSS.py,否,否
SampleStrategy,davidzr/strategies/SampleStrategy/SampleStrategy.py,是,是
SampleStrategyV2,davidzr/strategies/SampleStrategyV2/SampleStrategyV2.py,是,是
Sar,davidzr/strategies/SAR/SAR.py,否,否
Saturn5,davidzr/strategies/Saturn5/Saturn5.py,否,否
Scalp,davidzr/strategies/Scalp/Scalp.py,否,否
ScalpingCCI,PeetCrypto/ScalpingCCI.py,否,否
Schism,werkkrew/strategies/SchismLess.py,是,是
Schism2,werkkrew/strategies/Schism-v2.py,是,是
Schism2MM,werkkrew/strategies/Schism2MM.py,是,是
Schism3,werkkrew/strategies/Schism-v1.3.py,是,是
Schism4,werkkrew/strategies/Schism-v1.4.py,是,是
Schism5,werkkrew/strategies/Schism-v1.5.py,是,是
Schism6,werkkrew/strategies/Schism6.py,是,是
Seb,davidzr/strategies/Seb/Seb.py,是,否
Simple,davidzr/strategies/Simple/Simple.py,否,否
SlowPotato,davidzr/strategies/SlowPotato/SlowPotato.py,否,否
Slowbro,werkkrew/strategies/Slowbro.py,否,是
SmoothOperator,davidzr/strategies/SmoothOperator/SmoothOperator.py,否,否
SmoothScalp,davidzr/strategies/SmoothScalp/SmoothScalp.py,否,否
Solipsis,werkkrew/strategies/Solipsis-v2.py,是,是
Solipsis3,werkkrew/strategies/Solipsis_v3.py,是,是
Solipsis4,werkkrew/strategies/Solipsis_v4.py,是,是
Solipsis5,werkkrew/strategies/Solipsis-v2.5.py,是,是
Solipsis6,werkkrew/strategies/Solipsis-v2.6.py,是,是
SolipsisCon,werkkrew/strategies/Solipsis-Con-v1.py,是,是
SolipsisMM,werkkrew/strategies/SolipsisMM.py,是,是
SqueezeMomentum,PeetCrypto/SqueezeMomentum.py,是,否
Stavix2,davidzr/strategies/Stavix2/Stavix2.py,否,否
Stinkfist,werkkrew/strategies/Stinkfist.py,是,是
StochRSITEMA,werkkrew/strategies/StochRSITEMA.py,是,否
Strategy001,Strategy001.py,否,否
Strategy001_custom_exit,Strategy001_custom_exit.py,否,否
Strategy001_custom_sell,davidzr/strategies/Strategy001_custom_sell/Strategy001_custom_sell.py,否,否
Strategy002,Strategy002.py,否,否
Strategy003,Strategy003.py,否,否
Strategy004,Strategy004.py,否,否
Strategy005,Strategy005.py,是,否
StrategyScalpingFast,davidzr/strategies/StrategyScalpingFast/StrategyScalpingFast.py,否,否
StrategyScalpingFast2,davidzr/strategies/StrategyScalpingFast2/StrategyScalpingFast2.py,是,否
SuperHV27,werkkrew/strategies/SuperHV27.py,是,否
SuperTrend,PeetCrypto/SuperTrend (1).py,是,否
SuperTrendPure,davidzr/strategies/SuperTrendPure/SuperTrendPure.py,是,否
Supertrend,Supertrend.py,是,否
SupertrendStrategy,davidzr/strategies/SupertrendStrategy/SupertrendStrategy.py,是,否
SwingHigh,davidzr/strategies/SwingHigh/SwingHigh.py,否,否
SwingHighToSky,SwingHighToSky.py,是,否
TDSequentialStrategy,davidzr/strategies/TDSequentialStrategy/TDSequentialStrategy.py,否,否
TEMA,davidzr/strategies/TEMA/TEMA.py,是,否
TechnicalExampleStrategy,davidzr/strategies/TechnicalExampleStrategy/TechnicalExampleStrategy.py,否,否
TemaMaster,davidzr/strategies/TemaMaster/TemaMaster.py,否,否
TemaMaster3,davidzr/strategies/TemaMaster3/TemaMaster3.py,否,否
TemaPure,davidzr/strategies/TemaPure/TemaPure.py,否,否
TemaPureNeat,davidzr/strategies/TemaPureNeat/TemaPureNeat.py,否,否
TemaPureTwo,davidzr/strategies/TemaPureTwo/TemaPureTwo.py,否,否
TenderEnter,davidzr/strategies/TenderEnter/TenderEnter.py,否,是
Test_MAMA4,PeetCrypto/Test_MAMA4.py,是,否
TheForce,davidzr/strategies/TheForce/TheForce.py,否,否
TheRealPullbackV2,davidzr/strategies/TheRealPullbackV2/TheRealPullbackV2.py,否,否
ThreeCommasStrategy,PeetCrypto/ThreeCommasStrategy.py,否,否
TrainCatBoostStrategy,PeetCrypto/TrainCatBoostStrategy.py,是,是
TrendFollowingStrategy,futures/TrendFollowingStrategy.py,否,否
Trend_Strength_Directional,davidzr/strategies/Trend_Strength_Directional/Trend_Strength_Directional.py,是,否
TrixStrategy,davidzr/strategies/TrixStrategy/TrixStrategy.py,是,否
TrixV15Strategy,davidzr/strategies/TrixV15Strategy/TrixV15Strategy.py,是,是
TrixV21Strategy,davidzr/strategies/TrixV21Strategy/TrixV21Strategy.py,是,否
TrixV23Strategy,davidzr/strategies/TrixV23Strategy/TrixV23Strategy.py,是,否
TuplaBollinger,PeetCrypto/TuplaBollinger.py,否,否
UltimateMomentumIndicator,davidzr/strategies/UltimateMomentumIndicator/UltimateMomentumIndicator.py,是,否
UniversalMACD,UniversalMACD.py,是,否
UpSliceStrategy,PeetCrypto/UpSliceStrategy.py,否,否
Uptrend,davidzr/strategies/Uptrend/Uptrend.py,是,是
UziChan,davidzr/strategies/UziChan/UziChan.py,否,否
UziChan2,davidzr/strategies/UziChan2/UziChan2.py,否,否
VWAP,davidzr/strategies/VWAP/VWAP.py,否,否
VegasChannelStrategy,vegas_strategy.py,否,否
ViN,PeetCrypto/vin.py,否,是
VolatilitySystem,futures/VolatilitySystem.py,是,否
WaveTrendStra,davidzr/strategies/WaveTrendStra/WaveTrendStra.py,否,否
XebTradeStrat,davidzr/strategies/XebTradeStrat/XebTradeStrat.py,否,否
XtraThicc,werkkrew/strategies/XtraThicc.py,否,是
YOLO,werkkrew/strategies/YOLO.py,是,否
YourStrat,PeetCrypto/TrailingBuyStrat.py,否,否
YourStratName,PeetCrypto/Pump_detection_exemple (1).py,是,是
Zeus,lookahead_bias/Zeus.py,是,否
adaptive,davidzr/strategies/adaptive/adaptive.py,是,否
adx_opt_strat,davidzr/strategies/adx_opt_strat/adx_opt_strat.py,否,否
adxbbrsi2,davidzr/strategies/adxbbrsi2/adxbbrsi2.py,否,否
bb_rsi_opt_new,davidzr/strategies/bb_rsi_opt_new/bb_rsi_opt_new.py,否,否
bbema,davidzr/strategies/bbema/bbema.py,否,否
bbrsi,davidzr/strategies/BBRSI/BBRSI.py,否,否
bbrsi1_strategy,davidzr/strategies/bbrsi1_strategy/bbrsi1_strategy.py,是,否
bbrsi4Freq,davidzr/strategies/bbrsi4Freq/bbrsi4Freq.py,否,否
bestV2,davidzr/strategies/bestV2/bestV2.py,是,是
botbaby,davidzr/strategies/botbaby/botbaby.py,是,否
conny,werkkrew/strategies/consensus_strat.py,否,否
cryptohassle,davidzr/strategies/cryptohassle/cryptohassle.py,否,否
custom,davidzr/strategies/custom/custom.py,是,是
custom_sell,davidzr/strategies/custom_sell/custom_sell.py,是,否
e6v34,davidzr/strategies/e6v34/e6v34.py,是,否
ema,davidzr/strategies/ema/ema.py,否,否
ep3mas2,PeetCrypto/ep3mas2.py,是,否
epretrace,davidzr/strategies/epretrace/epretrace.py,是,否
fahmibah,davidzr/strategies/fahmibah/fahmibah.py,是,是
flawless_lambo,davidzr/strategies/flawless_lambo/flawless_lambo.py,是,是
gettinMoist,werkkrew/strategies/gettinMoist.py,否,否
hansencandlepatternV1,davidzr/strategies/hansencandlepatternV1/hansencandlepatternV1.py,否,否
heikin,davidzr/strategies/heikin/heikin.py,否,否
hlhb,hlhb.py,否,否
ichi,werkkrew/strategies/Ichis.py,否,否
ichiV1,davidzr/strategies/ichiV1/ichiV1.py,是,否
ichiV1_Marius,davidzr/strategies/ichiV1_Marius/ichiV1_Marius.py,是,是
keltnerchannel,davidzr/strategies/keltnerchannel/keltnerchannel.py,是,否
mabStra,mabStra.py,是,否
macd_recovery,davidzr/strategies/macd_recovery/macd_recovery.py,否,否
mark_strat,davidzr/strategies/mark_strat/mark_strat.py,否,否
mark_strat_opt,davidzr/strategies/mark_strat_opt/mark_strat_opt.py,否,否
multi_tf,multi_tf.py,否,否
new_turtle,PeetCrypto/new_turtle.py,否,否
pmaxTest,PeetCrypto/pmaxTest.py,是,否
quantumfirst,davidzr/strategies/quantumfirst/quantumfirst.py,否,否
redditMA,davidzr/strategies/redditMA/redditMA.py,否,否
stoploss,davidzr/strategies/stoploss/stoploss.py,否,否
stratfib,davidzr/strategies/stratfib/stratfib.py,是,否
strato,davidzr/strategies/strato/strato.py,否,否
tbtest,PeetCrypto/tbedit (2).py,否,否
true_lambo,davidzr/strategies/true_lambo/true_lambo.py,是,是
wtc,lookahead_bias/wtc.py,是,否
